2024-01-01T08:00:00,70.00/ 2840 cms
2024-01-02T08:00:00,70.00/ 2840 cms
2024-01-03T08:00:00,70.00/ 2840 cms
2024-01-04T08:00:00,70.00/ 2840 cms
2024-01-05T08:00:00,70.00/ 2840 cms
2024-01-06T08:00:00,70.00/ 2840 cms
2024-01-07T08:00:00,70.00/ 2840 cms
2024-01-08T08:00:00,70.00/ 2840 cms
2024-01-09T08:00:00,70.00/ 2840 cms
2024-01-10T08:00:00,70.00/ 2840 cms
2024-01-11T08:00:00,70.00/ 2840 cms
2024-01-12T08:00:00,70.00/ 2840 cms
2024-01-13T08:00:00,70.00/ 2840 cms
2024-01-14T08:00:00,70.00/ 2840 cms
2024-01-15T08:00:00,70.00/ 2840 cms
2024-01-16T08:00:00,70.00/ 2840 cms
2024-01-17T08:00:00,70.00/ 2840 cms
2024-01-18T08:00:00,70.00/ 2840 cms
2024-01-19T08:00:00,70.00/ 2840 cms
2024-01-20T08:00:00,70.00/ 2840 cms
2024-01-21T08:00:00,70.00/ 2840 cms
2024-01-22T08:00:00,70.00/ 2840 cms
2024-01-23T08:00:00,70.00/ 2840 cms
2024-01-24T08:00:00,70.00/ 2840 cms
2024-01-25T08:00:00,70.00/ 2840 cms
2024-01-26T08:00:00,70.00/ 2840 cms
2024-01-27T08:00:00,70.00/ 2840 cms
2024-01-28T08:00:00,70.00/ 2840 cms
2024-01-29T08:00:00,70.00/ 2840 cms
2024-01-30T08:00:00,70.00/ 2840 cms
2024-01-31T08:00:00,70.00/ 2840 cms
2024-02-01T08:00:00,70.00/ 2840 cms
2024-02-02T08:00:00,70.00/ 2840 cms
2024-02-03T08:00:00,70.00/ 2840 cms
2024-02-04T08:00:00,70.00/ 2840 cms
2024-02-05T08:00:00,70.00/ 2840 cms
2024-02-06T08:00:00,70.00/ 2840 cms
2024-02-07T08:00:00,70.00/ 2840 cms
2024-02-08T08:00:00,70.00/ 2840 cms
2024-02-09T08:00:00,70.00/ 2840 cms
2024-02-10T08:00:00,70.00/ 2840 cms
2024-02-11T08:00:00,70.00/ 2840 cms
2024-02-12T08:00:00,70.00/ 2840 cms
2024-02-13T08:00:00,70.00/ 2840 cms
2024-02-14T08:00:00,70.00/ 2840 cms
2024-02-15T08:00:00,70.00/ 2840 cms
2024-02-16T08:00:00,70.00/ 2840 cms
2024-02-17T08:00:00,70.00/ 2840 cms
2024-02-18T08:00:00,70.00/ 2840 cms
2024-02-19T08:00:00,70.00/ 2840 cms
2024-02-20T08:00:00,70.00/ 2840 cms
2024-02-21T08:00:00,70.00/ 2840 cms
2024-02-22T08:00:00,70.00/ 2840 cms
2024-02-23T08:00:00,70.00/ 2840 cms
2024-02-24T08:00:00,70.00/ 2840 cms
2024-02-25T08:00:00,70.00/ 2840 cms
2024-02-26T08:00:00,70.00/ 2840 cms
2024-02-27T08:00:00,70.00/ 2840 cms
2024-02-28T08:00:00,70.00/ 2840 cms
2024-02-29T08:00:00,70.00/ 2840 cms
2024-03-01T08:00:00,70.00/ 2840 cms
2024-03-02T08:00:00,70.00/ 2840 cms
2024-03-03T08:00:00,70.00/ 2840 cms
2024-03-04T08:00:00,70.00/ 2840 cms
2024-03-05T08:00:00,70.00/ 2840 cms
2024-03-06T08:00:00,70.00/ 2840 cms
2024-03-07T08:00:00,70.00/ 2840 cms
2024-03-08T08:00:00,70.00/ 2840 cms
2024-03-09T08:00:00,70.00/ 2840 cms
2024-03-10T08:00:00,70.00/ 2840 cms
2024-03-11T08:00:00,70.00/ 2840 cms
2024-03-12T08:00:00,70.00/ 2840 cms
2024-03-13T08:00:00,70.00/ 2840 cms
2024-03-14T08:00:00,70.00/ 2840 cms
2024-03-15T08:00:00,70.00/ 2840 cms
2024-03-16T08:00:00,70.00/ 2840 cms
2024-03-17T08:00:00,70.00/ 2840 cms
2024-03-18T08:00:00,70.00/ 2840 cms
2024-03-19T08:00:00,70.00/ 2840 cms
2024-03-20T08:00:00,70.00/ 2840 cms
2024-03-21T08:00:00,70.00/ 2840 cms
2024-03-22T08:00:00,70.00/ 2840 cms
2024-03-23T08:00:00,70.00/ 2840 cms
2024-03-24T08:00:00,70.00/ 2840 cms
2024-03-25T08:00:00,70.00/ 2840 cms
2024-03-26T08:00:00,70.00/ 2840 cms
2024-03-27T08:00:00,70.00/ 2840 cms
2024-03-28T08:00:00,70.00/ 2840 cms
2024-03-30T08:00:00,70.00/ 2840 cms
2024-03-31T08:00:00,70.00/ 2840 cms
2024-04-01T08:00:00,70.00/ 2840 cms
2024-04-02T08:00:00,70.00/ 2840 cms
2024-04-03T08:00:00,70.00/ 2840 cms
2024-04-04T08:00:00,70.00/ 2840 cms
2024-04-05T08:00:00,70.00/ 2840 cms
2024-04-06T08:00:00,70.00/ 2840 cms
2024-04-07T08:00:00,70.00/ 2840 cms
2024-04-08T08:00:00,70.00/ 2840 cms
2024-04-09T08:00:00,70.00/ 2840 cms
2024-04-10T08:00:00,70.00/ 2840 cms
2024-04-11T08:00:00,70.00/ 2840 cms
2024-04-12T08:00:00,70.00/ 2840 cms
2024-04-13T08:00:00,70.00/ 2840 cms
2024-04-14T08:00:00,70.00/ 2840 cms
2024-04-15T08:00:00,70.00/ 2840 cms
2024-04-16T08:00:00,70.00/ 2840 cms
2024-04-17T08:00:00,70.00/ 2840 cms
2024-04-18T08:00:00,70.00/ 2840 cms
2024-04-19T08:00:00,70.00/ 2840 cms
2024-04-20T08:00:00,70.00/ 2840 cms
2024-04-21T08:00:00,70.00/ 2840 cms
2024-04-22T08:00:00,70.00/ 2840 cms
2024-04-23T08:00:00,70.00/ 2840 cms
2024-04-24T08:00:00,70.00/ 2840 cms
2024-04-25T08:00:00,70.00/ 2840 cms
2024-04-26T08:00:00,70.00/ 2840 cms
2024-04-27T08:00:00,70.00/ 2840 cms
2024-04-28T08:00:00,70.00/ 2840 cms
2024-04-29T08:00:00,70.00/ 2840 cms
2024-04-30T08:00:00,70.00/ 2840 cms
2024-05-01T08:00:00,70.00/ 2840 cms
2024-05-02T08:00:00,70.00/ 2840 cms
2024-05-03T08:00:00,70.00/ 2840 cms
2024-05-04T08:00:00,70.00/ 2840 cms
2024-05-05T08:00:00,70.00/ 2840 cms
2024-05-06T08:00:00,70.00/ 2840 cms
2024-05-07T08:00:00,70.00/ 2840 cms
2024-05-08T08:00:00,70.00/ 2840 cms
2024-05-09T08:00:00,70.00/ 2840 cms
2024-05-10T08:00:00,70.00/ 2840 cms
2024-05-11T08:00:00,70.00/ 2840 cms
2024-05-12T08:00:00,70.00/ 2840 cms
2024-05-13T08:00:00,70.00/ 2840 cms
2024-05-14T08:00:00,70.00/ 2840 cms
2024-05-15T08:00:00,70.00/ 2840 cms
2024-05-16T08:00:00,70.00/ 2840 cms
2024-05-17T08:00:00,70.00/ 2840 cms
2024-05-18T08:00:00,70.00/ 2840 cms
2024-05-19T08:00:00,70.00/ 2840 cms
2024-05-20T08:00:00,70.00/ 2840 cms
2024-05-21T08:00:00,70.00/ 2840 cms
2024-05-22T08:00:00,70.00/ 2840 cms
2024-05-23T08:00:00,70.00/ 2840 cms
2024-05-24T08:00:00,70.00/ 2840 cms
2024-05-25T08:00:00,70.00/ 2840 cms
2024-05-26T08:00:00,70.00/ 2840 cms
2024-05-27T08:00:00,70.00/ 2840 cms
2024-05-28T08:00:00,70.00/ 2840 cms
2024-05-29T08:00:00,70.00/ 2840 cms
2024-05-30T08:00:00,70.00/ 2840 cms
2024-05-31T08:00:00,70.00/ 2840 cms
2024-06-01T08:00:00,70.00/ 2840 cms
2024-06-02T08:00:00,70.00/ 2840 cms
2024-06-03T08:00:00,70.00/ 2840 cms
2024-06-04T08:00:00,70.00/ 2840 cms
2024-06-05T08:00:00,70.00/ 2840 cms
2024-06-06T08:00:00,70.00/ 2840 cms
2024-06-07T08:00:00,70.00/ 2840 cms
2024-06-08T08:00:00,70.00/ 2840 cms
2024-06-09T08:00:00,70.00/ 2840 cms
2024-06-10T08:00:00,70.00/ 2840 cms
2024-06-11T08:00:00,70.00/ 2840 cms
2024-06-12T08:00:00,70.00/ 2840 cms
2024-06-13T08:00:00,70.00/ 2840 cms
2024-06-14T08:00:00,70.00/ 2840 cms
2024-06-15T08:00:00,70.00/ 2840 cms
2024-06-16T08:00:00,70.00/ 2840 cms
2024-06-17T08:00:00,70.00/ 2840 cms
2024-06-18T08:00:00,70.00/ 2840 cms
2024-06-19T08:00:00,70.00/ 2840 cms
2024-06-20T08:00:00,70.00/ 2840 cms
2024-06-21T08:00:00,70.00/ 2840 cms
2024-06-22T08:00:00,70.00/ 2840 cms
2024-06-23T08:00:00,70.00/ 2840 cms
2024-06-24T08:00:00,70.00/ 2840 cms
2024-06-25T08:00:00,70.00/ 2840 cms
2024-06-26T08:00:00,70.00/ 2840 cms
2024-06-27T08:00:00,70.00/ 2840 cms
2024-06-28T08:00:00,70.00/ 2840 cms
2024-06-29T08:00:00,70.00/ 2840 cms
2024-06-30T08:00:00,70.00/ 2840 cms
2024-07-01T08:00:00,75.00/ 2840 cms
2024-07-02T08:00:00,75.00/ 2840 cms
2024-07-03T08:00:00,75.00/ 2840 cms
2024-07-04T08:00:00,75.00/ 2840 cms
... (และข้อมูลอื่นๆ จนครบทั้งปี) ...
2025-07-05T11:09:00.955131+07:00,350.00/ 2840 cms
2025-07-06T10:55:17.164958+07:00,400.00/ 2840 cms
2025-07-07T10:45:09.983746+07:00,350.00/ 2840 cms
2025-07-08T00:44:34.358942+07:00,0.00/ None cms
2025-07-08T02:30:02.628871+07:00,350.00/ 2840 cms
2025-07-08T10:41:41.791288+07:00,300.00/ 2840 cms
2025-07-09T10:43:10.796251+07:00,250.00/ 2840 cms
2025-07-14T10:55:33.578602+07:00,300.00/ 2840 cms
2025-07-17T09:04:49.442643+07:00,439.00/ 2840 cms
2025-07-17T09:22:47.263939+07:00,2840 cms
2025-07-17T09:27:02.623677+07:00,2840 cms
2025-07-17T09:41:04.100954+07:00,2840 cms
2025-07-17T09:44:05.531730+07:00,2840 cms
2025-07-17T09:55:49.462943+07:00,2840 cms
2025-07-17T10:00:05.848225+07:00,2840 cms
2025-07-17T10:18:03.201453+07:00,2840 cms
2025-07-17T11:25:29.346133+07:00,439.00 cms
2025-07-17T11:31:53.060534+07:00,439.00 cms
2025-07-17T11:48:15.193156+07:00,439.00 cms
2025-07-17T12:47:58.410966+07:00,439.00 cms
2025-07-17T12:58:14.132143+07:00,439.00 cms
2025-07-17T13:58:35.309554+07:00,439.00 cms
2025-07-17T14:40:10.416371+07:00,439.00 cms
2025-07-17T14:51:43.263394+07:00,439.00 cms
2025-07-17T15:00:07.263171+07:00,439.00 cms
2025-07-17T15:56:49.444208+07:00,439.00 cms
2025-07-17T16:47:38.662615+07:00,439.00 cms
2025-07-17T16:57:21.508238+07:00,439.00 cms
2025-07-17T17:51:18.682327+07:00,439.00 cms
2025-07-17T17:59:46.006538+07:00,439.00 cms
2025-07-17T18:35:49.743675+07:00,439.00 cms
2025-07-17T18:49:49.418161+07:00,439.00 cms
2025-07-17T18:59:58.458133+07:00,439.00 cms
2025-07-17T21:03:01.088014+07:00,439.00 cms
2025-07-17T21:45:22.398894+07:00,439.00 cms
2025-07-17T21:57:33.588709+07:00,439.00 cms
2025-07-17T22:46:28.114466+07:00,439.00 cms
2025-07-17T22:57:20.613255+07:00,439.00 cms
2025-07-17T23:54:11.862941+07:00,439.00 cms
2025-07-18T00:42:27.147631+07:00,439.00 cms
2025-07-18T00:55:20.203928+07:00,439.00 cms
2025-07-18T01:57:36.051034+07:00,439.00 cms
2025-07-18T02:31:20.852459+07:00,439.00 cms
2025-07-18T02:45:51.327797+07:00,439.00 cms
2025-07-18T02:54:11.310120+07:00,439.00 cms
2025-07-18T03:41:59.482314+07:00,439.00 cms
2025-07-18T03:57:44.740883+07:00,439.00 cms
2025-07-18T04:37:46.618143+07:00,439.00 cms
2025-07-18T04:50:58.827601+07:00,439.00 cms
2025-07-18T04:59:51.039117+07:00,439.00 cms
2025-07-18T05:47:33.891304+07:00,439.00 cms
2025-07-18T05:56:38.484318+07:00,439.00 cms
2025-07-18T06:38:01.995899+07:00,439.00 cms
2025-07-18T06:51:43.183268+07:00,439.00 cms
2025-07-18T07:00:02.001642+07:00,439.00 cms
2025-07-18T10:52:30.045336+07:00,490.00 cms
2025-07-18T12:03:33.312469+07:00,490.00 cms
2025-07-18T12:53:20.077760+07:00,490.00 cms
2025-07-18T13:59:37.842046+07:00,490.00 cms
2025-07-18T14:41:44.481418+07:00,490.00 cms
2025-07-18T14:57:05.190386+07:00,490.00 cms
2025-07-18T15:56:36.029395+07:00,490.00 cms
2025-07-18T16:48:50.777159+07:00,490.00 cms
2025-07-18T16:59:59.824990+07:00,490.00 cms
2025-07-18T17:52:22.549103+07:00,490.00 cms
2025-07-18T18:31:01.897995+07:00,490.00 cms
2025-07-18T18:51:24.744909+07:00,490.00 cms
2025-07-18T19:00:00.130954+07:00,490.00 cms
2025-07-18T20:51:35.781034+07:00,490.00 cms
2025-07-18T21:44:59.794971+07:00,490.00 cms
2025-07-18T21:58:19.279227+07:00,490.00 cms
2025-07-18T22:42:37.441299+07:00,490.00 cms
2025-07-18T23:01:25.785163+07:00,490.00 cms
2025-07-18T23:58:07.785980+07:00,490.00 cms
2025-07-19T00:45:44.019135+07:00,490.00 cms
2025-07-19T00:58:13.777503+07:00,490.00 cms
2025-07-19T01:56:10.655840+07:00,490.00 cms
2025-07-19T02:30:07.304291+07:00,490.00 cms
2025-07-19T02:45:38.659919+07:00,490.00 cms
2025-07-19T02:54:56.634137+07:00,490.00 cms
2025-07-19T03:41:27.940303+07:00,490.00 cms
2025-07-19T03:56:27.560557+07:00,490.00 cms
2025-07-19T04:37:42.306629+07:00,490.00 cms
2025-07-19T04:50:20.281380+07:00,490.00 cms
2025-07-19T04:59:36.939875+07:00,490.00 cms
2025-07-19T05:45:38.722812+07:00,490.00 cms
2025-07-19T05:56:50.972179+07:00,490.00 cms
2025-07-19T06:36:53.908321+07:00,490.00 cms
2025-07-19T06:50:48.998454+07:00,490.00 cms
2025-07-19T06:59:45.568135+07:00,490.00 cms
2025-07-19T08:16:48.797646+07:00,490.00 cms
2025-07-19T10:46:28.965876+07:00,600.00 cms
2025-07-19T11:55:01.340872+07:00,600.00 cms
2025-07-19T12:45:16.855511+07:00,600.00 cms
2025-07-19T12:55:23.971752+07:00,600.00 cms
2025-07-19T13:55:21.966864+07:00,600.00 cms
2025-07-19T14:32:32.763832+07:00,600.00 cms
2025-07-19T14:46:14.307797+07:00,600.00 cms
2025-07-19T14:54:53.886639+07:00,600.00 cms
2025-07-19T15:50:17.452255+07:00,600.00 cms
2025-07-19T15:59:54.631867+07:00,600.00 cms
2025-07-19T16:38:04.036282+07:00,600.00 cms
2025-07-19T16:49:43.981076+07:00,600.00 cms
2025-07-19T16:59:30.938045+07:00,600.00 cms
2025-07-19T17:47:48.991754+07:00,600.00 cms
2025-07-19T17:56:42.766713+07:00,600.00 cms
2025-07-19T18:29:22.781015+07:00,600.00 cms
2025-07-19T18:44:08.098002+07:00,600.00 cms
2025-07-19T18:52:29.310953+07:00,600.00 cms
2025-07-19T20:36:47.662408+07:00,600.00 cms
2025-07-19T20:56:07.262785+07:00,600.00 cms
2025-07-19T21:40:15.576309+07:00,600.00 cms
2025-07-19T21:51:58.199017+07:00,600.00 cms
2025-07-19T22:00:16.169737+07:00,600.00 cms
2025-07-19T22:38:48.962023+07:00,600.00 cms
2025-07-19T22:56:01.669548+07:00,600.00 cms
2025-07-19T23:51:12.346388+07:00,600.00 cms
2025-07-20T00:39:58.919998+07:00,0.00 cms
2025-07-20T00:51:52.330095+07:00,0.00 cms
2025-07-20T01:00:25.043958+07:00,0.00 cms
2025-07-20T01:54:32.863059+07:00,0.00 cms
2025-07-20T02:26:00.622478+07:00,600.00 cms
2025-07-20T02:41:51.599177+07:00,600.00 cms
2025-07-20T02:51:38.971766+07:00,600.00 cms
2025-07-20T03:00:04.203694+07:00,600.00 cms
2025-07-20T03:40:43.197225+07:00,600.00 cms
2025-07-20T03:56:45.644521+07:00,600.00 cms
2025-07-20T04:33:44.011791+07:00,600.00 cms
2025-07-20T04:47:43.014053+07:00,600.00 cms
2025-07-20T04:56:25.340283+07:00,600.00 cms
2025-07-20T05:42:18.489283+07:00,600.00 cms
2025-07-20T05:54:06.858194+07:00,600.00 cms
2025-07-20T06:40:38.471674+07:00,600.00 cms
2025-07-20T06:56:03.146839+07:00,600.00 cms
2025-07-20T11:00:13.463012+07:00,653.00 cms
2025-07-20T12:04:04.198997+07:00,653.00 cms
2025-07-20T12:51:00.392400+07:00,653.00 cms
2025-07-20T12:59:31.505732+07:00,653.00 cms
2025-07-20T13:54:59.341195+07:00,653.00 cms
2025-07-20T14:32:22.915965+07:00,653.00 cms
2025-07-20T14:45:15.224309+07:00,653.00 cms
2025-07-20T14:54:31.010092+07:00,653.00 cms
2025-07-20T15:49:27.689875+07:00,653.00 cms
2025-07-20T16:00:18.633723+07:00,653.00 cms
2025-07-20T16:39:18.376433+07:00,653.00 cms
2025-07-20T16:50:33.416779+07:00,653.00 cms
2025-07-20T16:59:58.453700+07:00,653.00 cms
2025-07-20T17:48:48.541309+07:00,653.00 cms
2025-07-20T17:57:04.957209+07:00,653.00 cms
2025-07-20T18:29:52.054879+07:00,653.00 cms
2025-07-20T18:43:58.757261+07:00,653.00 cms
2025-07-20T18:52:18.417499+07:00,653.00 cms
2025-07-20T20:38:33.606553+07:00,653.00 cms
2025-07-20T20:55:48.709342+07:00,653.00 cms
2025-07-20T21:40:18.389499+07:00,653.00 cms
2025-07-20T21:52:04.845189+07:00,653.00 cms
2025-07-20T22:00:23.551192+07:00,653.00 cms
2025-07-20T22:39:43.657264+07:00,653.00 cms
2025-07-20T22:53:49.976008+07:00,653.00 cms
2025-07-20T23:48:49.355789+07:00,653.00 cms
2025-07-20T23:59:45.181876+07:00,653.00 cms
2025-07-21T00:40:42.511369+07:00,653.00 cms
2025-07-21T00:54:33.264960+07:00,653.00 cms
2025-07-21T01:52:17.362326+07:00,653.00 cms
2025-07-21T02:00:46.816874+07:00,653.00 cms
2025-07-21T02:28:37.790850+07:00,653.00 cms
2025-07-21T02:42:12.888072+07:00,653.00 cms
2025-07-21T02:51:52.428752+07:00,653.00 cms
2025-07-21T03:00:16.759431+07:00,653.00 cms
2025-07-21T03:41:29.197652+07:00,653.00 cms
2025-07-21T03:54:47.800478+07:00,653.00 cms
2025-07-21T04:33:18.796797+07:00,653.00 cms
2025-07-21T04:49:05.492858+07:00,653.00 cms
2025-07-21T04:59:47.926859+07:00,653.00 cms
2025-07-21T05:44:10.470608+07:00,653.00 cms
2025-07-21T05:54:40.659092+07:00,653.00 cms
2025-07-21T06:37:29.019983+07:00,653.00 cms
2025-07-21T06:51:32.727669+07:00,653.00 cms
2025-07-21T06:59:45.151805+07:00,653.00 cms
2025-07-21T11:00:23.611827+07:00,755.00 cms
2025-07-21T12:17:44.209039+07:00,755.00 cms
2025-07-21T12:55:25.540726+07:00,755.00 cms
2025-07-21T14:50:43.126701+07:00,755.00 cms
2025-07-21T14:59:50.188749+07:00,755.00 cms
2025-07-21T16:00:45.520337+07:00,755.00 cms
2025-07-21T16:52:18.579370+07:00,755.00 cms
2025-07-21T17:51:44.783238+07:00,755.00 cms
2025-07-21T18:00:14.588709+07:00,755.00 cms
2025-07-21T18:36:59.165098+07:00,755.00 cms
2025-07-21T18:52:44.510781+07:00,755.00 cms
2025-07-21T20:52:00.561742+07:00,755.00 cms
2025-07-21T21:51:29.546589+07:00,755.00 cms
2025-07-21T22:00:21.188909+07:00,755.00 cms
2025-07-21T22:48:02.098706+07:00,755.00 cms
2025-07-21T22:59:06.952013+07:00,755.00 cms
2025-07-21T23:56:53.522790+07:00,755.00 cms
2025-07-22T00:47:40.820704+07:00,0.00 cms
2025-07-22T00:57:00.804387+07:00,0.00 cms
2025-07-22T01:58:08.636744+07:00,755.00 cms
2025-07-22T02:32:11.196625+07:00,755.00 cms
2025-07-22T02:45:50.929995+07:00,755.00 cms
2025-07-22T02:54:28.599906+07:00,755.00 cms
2025-07-22T03:43:18.582126+07:00,755.00 cms
2025-07-22T03:57:37.125661+07:00,755.00 cms
2025-07-22T04:38:45.468594+07:00,755.00 cms
2025-07-22T04:51:15.436156+07:00,755.00 cms
2025-07-22T04:59:57.669588+07:00,755.00 cms
2025-07-22T05:47:21.083793+07:00,755.00 cms
2025-07-22T05:56:39.368334+07:00,755.00 cms
2025-07-22T06:38:26.923692+07:00,755.00 cms
2025-07-22T06:51:54.835545+07:00,755.00 cms
2025-07-22T07:00:03.046501+07:00,755.00 cms
2025-07-22T12:02:48.866112+07:00,800.00 cms
2025-07-22T12:51:57.110009+07:00,800.00 cms
2025-07-22T13:00:29.341986+07:00,800.00 cms
2025-07-22T13:59:26.317185+07:00,800.00 cms
2025-07-22T14:42:36.942299+07:00,800.00 cms
2025-07-22T14:54:41.642562+07:00,800.00 cms
2025-07-22T15:57:08.756200+07:00,800.00 cms
2025-07-22T16:49:34.048785+07:00,800.00 cms
2025-07-22T16:59:33.027045+07:00,800.00 cms
2025-07-22T17:52:41.653279+07:00,800.00 cms
2025-07-22T18:32:42.776725+07:00,800.00 cms
2025-07-22T18:49:29.906568+07:00,800.00 cms
2025-07-22T18:59:27.906559+07:00,800.00 cms
2025-07-22T20:52:54.895784+07:00,800.00 cms
2025-07-22T21:47:14.557710+07:00,800.00 cms
2025-07-22T21:58:36.131397+07:00,800.00 cms
2025-07-22T22:47:31.604194+07:00,800.00 cms
2025-07-22T22:59:16.075006+07:00,800.00 cms
2025-07-22T23:56:42.814215+07:00,800.00 cms
2025-07-23T00:46:46.769499+07:00,800.00 cms
2025-07-23T00:56:34.075808+07:00,800.00 cms
2025-07-23T01:57:53.164997+07:00,800.00 cms
2025-07-23T02:31:23.005143+07:00,800.00 cms
2025-07-23T02:42:23.704143+07:00,800.00 cms
2025-07-23T02:52:14.803909+07:00,800.00 cms
2025-07-23T03:41:51.870344+07:00,900.00 cms
2025-07-23T03:57:30.558206+07:00,900.00 cms
2025-07-23T04:38:27.160798+07:00,900.00 cms
2025-07-23T04:51:18.497144+07:00,900.00 cms
2025-07-23T04:59:38.065285+07:00,900.00 cms
2025-07-23T05:46:51.619019+07:00,900.00 cms
2025-07-23T05:57:01.587785+07:00,900.00 cms
2025-07-23T06:38:22.099637+07:00,900.00 cms
2025-07-23T06:52:38.113747+07:00,900.00 cms
2025-07-23T10:53:38.496128+07:00,900.00 cms
2025-07-23T12:05:36.600266+07:00,900.00 cms
2025-07-23T12:54:42.082977+07:00,900.00 cms
2025-07-23T13:59:01.595138+07:00,900.00 cms
2025-07-23T14:44:54.911120+07:00,900.00 cms
2025-07-23T14:56:20.452438+07:00,900.00 cms
2025-07-23T15:58:06.495620+07:00,900.00 cms
2025-07-23T16:50:57.528749+07:00,900.00 cms
2025-07-23T16:59:55.038840+07:00,900.00 cms
2025-07-23T17:52:04.638777+07:00,900.00 cms
2025-07-23T18:00:18.951768+07:00,900.00 cms
2025-07-23T18:37:59.243302+07:00,900.00 cms
2025-07-23T18:50:40.042646+07:00,900.00 cms
2025-07-23T18:59:37.545966+07:00,900.00 cms
2025-07-23T20:49:59.613815+07:00,900.00 cms
2025-07-23T21:50:47.172801+07:00,900.00 cms
2025-07-23T22:45:59.043821+07:00,900.00 cms
2025-07-23T23:00:07.869181+07:00,900.00 cms
2025-07-23T23:58:20.326526+07:00,900.00 cms
2025-07-24T00:48:09.052962+07:00,900.00 cms
2025-07-24T00:56:42.403042+07:00,900.00 cms
2025-07-24T01:57:26.102710+07:00,900.00 cms
2025-07-24T02:32:01.553958+07:00,900.00 cms
2025-07-24T02:47:07.480754+07:00,900.00 cms
2025-07-24T02:55:37.325278+07:00,900.00 cms
2025-07-24T03:44:28.712531+07:00,990.00 cms
2025-07-24T03:58:12.042629+07:00,990.00 cms
2025-07-24T04:38:52.628787+07:00,990.00 cms
2025-07-24T04:51:48.546715+07:00,990.00 cms
2025-07-24T05:00:15.018763+07:00,990.00 cms
2025-07-24T05:47:49.650391+07:00,990.00 cms
2025-07-24T05:56:40.325997+07:00,990.00 cms
2025-07-24T06:38:19.151097+07:00,990.00 cms
2025-07-24T06:52:22.900268+07:00,990.00 cms
2025-07-24T10:14:49.385178+07:00,1,000.00 cms
2025-07-24T10:51:53.169812+07:00,1,000.00 cms
2025-07-24T12:03:01.626439+07:00,1,000.00 cms
2025-07-24T12:52:38.104253+07:00,1,000.00 cms
2025-07-24T13:58:50.349338+07:00,1,000.00 cms
2025-07-24T14:43:30.129779+07:00,1,000.00 cms
2025-07-24T14:55:30.804696+07:00,1,000.00 cms
2025-07-24T15:57:29.926626+07:00,1,000.00 cms
2025-07-24T16:48:34.810391+07:00,1,000.00 cms
2025-07-24T16:59:29.139509+07:00,1,000.00 cms
2025-07-24T17:52:20.750815+07:00,1,000.00 cms
2025-07-24T18:32:42.618076+07:00,1,000.00 cms
2025-07-24T18:48:17.791994+07:00,1,000.00 cms
2025-07-24T18:56:51.920634+07:00,1,000.00 cms
2025-07-24T20:52:24.548074+07:00,1,000.00 cms
2025-07-24T21:50:16.211891+07:00,1,000.00 cms
2025-07-24T22:00:06.121582+07:00,1,000.00 cms
2025-07-24T22:42:37.974672+07:00,1,000.00 cms
2025-07-24T22:58:13.549332+07:00,1,000.00 cms
2025-07-24T23:54:55.552907+07:00,1,000.00 cms
2025-07-25T00:44:06.198089+07:00,1,000.00 cms
2025-07-25T00:54:13.357600+07:00,1,000.00 cms
2025-07-25T01:57:18.361307+07:00,1,000.00 cms
2025-07-25T02:32:00.971191+07:00,1,000.00 cms
2025-07-25T02:45:55.170545+07:00,1,000.00 cms
2025-07-25T02:54:18.605648+07:00,1,000.00 cms
2025-07-25T03:40:42.418057+07:00,1,000.00 cms
2025-07-25T03:57:06.037966+07:00,1,000.00 cms
2025-07-25T04:37:37.581567+07:00,1,000.00 cms
2025-07-25T04:47:29.921522+07:00,1,000.00 cms
2025-07-25T04:55:54.045973+07:00,1,000.00 cms
2025-07-25T05:45:45.697337+07:00,1,000.00 cms
2025-07-25T05:57:29.120599+07:00,1,000.00 cms
2025-07-25T06:38:08.203949+07:00,1,000.00 cms
2025-07-25T06:51:37.062187+07:00,1,000.00 cms
2025-07-25T07:00:05.902024+07:00,1,000.00 cms
2025-07-25T10:52:58.434543+07:00,1,000.00 cms
2025-07-25T12:05:06.955852+07:00,1,000.00 cms
2025-07-25T12:54:58.999376+07:00,1,000.00 cms
2025-07-25T13:59:38.647514+07:00,1,000.00 cms
2025-07-25T14:42:25.381407+07:00,1,000.00 cms
2025-07-25T14:55:21.414899+07:00,1,000.00 cms
2025-07-25T15:55:25.234883+07:00,1,000.00 cms
2025-07-25T16:49:21.842672+07:00,1,000.00 cms
2025-07-25T16:59:24.437473+07:00,1,000.00 cms
2025-07-25T17:52:29.273839+07:00,1,000.00 cms
2025-07-25T18:32:38.444874+07:00,1,000.00 cms
2025-07-25T18:48:21.158238+07:00,1,000.00 cms
2025-07-25T18:59:42.006969+07:00,1,000.00 cms
2025-07-25T20:49:42.194311+07:00,1,000.00 cms
2025-07-25T21:45:08.919232+07:00,1,000.00 cms
2025-07-25T21:57:37.851231+07:00,1,000.00 cms
2025-07-25T22:43:42.998224+07:00,1,000.00 cms
2025-07-25T22:57:56.889687+07:00,1,000.00 cms
2025-07-25T23:54:46.422183+07:00,1,000.00 cms
2025-07-26T00:44:40.839104+07:00,1,000.00 cms
2025-07-26T00:53:29.776075+07:00,1,000.00 cms
2025-07-26T01:56:41.718722+07:00,1,000.00 cms
2025-07-26T02:30:48.304207+07:00,1,000.00 cms
2025-07-26T02:45:28.157137+07:00,1,000.00 cms
2025-07-26T02:54:12.322134+07:00,1,000.00 cms
2025-07-26T03:41:56.249879+07:00,1,000.00 cms
2025-07-26T03:57:24.511091+07:00,1,000.00 cms
2025-07-26T04:37:34.092620+07:00,1,000.00 cms
2025-07-26T04:51:03.102222+07:00,1,000.00 cms
2025-07-26T04:59:52.813414+07:00,1,000.00 cms
2025-07-26T05:48:36.608648+07:00,1,000.00 cms
2025-07-26T05:59:49.392624+07:00,1,000.00 cms
2025-07-26T06:38:00.078171+07:00,1,000.00 cms
2025-07-26T06:52:08.343338+07:00,1,000.00 cms
2025-07-26T10:47:54.898905+07:00,1,000.00 cms
2025-07-26T12:00:26.815376+07:00,1,000.00 cms
2025-07-26T12:48:42.429931+07:00,1,000.00 cms
2025-07-26T12:59:34.545758+07:00,1,000.00 cms
2025-07-26T13:56:45.729887+07:00,1,000.00 cms
2025-07-26T14:34:48.082966+07:00,1,000.00 cms
2025-07-26T14:47:12.843497+07:00,1,000.00 cms
2025-07-26T14:55:50.993102+07:00,1,000.00 cms
2025-07-26T15:50:34.760130+07:00,1,000.00 cms
2025-07-26T15:59:40.295263+07:00,1,000.00 cms
2025-07-26T16:38:28.026351+07:00,1,000.00 cms
2025-07-26T16:50:36.066489+07:00,1,000.00 cms
2025-07-26T16:59:44.059962+07:00,1,000.00 cms
2025-07-26T17:46:46.407247+07:00,1,000.00 cms
2025-07-26T17:56:10.468211+07:00,1,000.00 cms
2025-07-26T18:29:57.946737+07:00,1,000.00 cms
2025-07-26T18:44:51.929815+07:00,1,000.00 cms
2025-07-26T18:53:00.958146+07:00,1,000.00 cms
2025-07-26T20:41:24.226294+07:00,1,000.00 cms
2025-07-26T20:56:37.662221+07:00,1,000.00 cms
2025-07-26T21:41:33.038165+07:00,1,000.00 cms
2025-07-26T21:54:47.981154+07:00,1,000.00 cms
2025-07-26T22:41:32.025061+07:00,1,000.00 cms
2025-07-26T22:58:18.526641+07:00,1,000.00 cms
2025-07-26T23:51:42.533511+07:00,1,000.00 cms
2025-07-27T00:00:39.016310+07:00,0.00 cms
2025-07-27T00:43:29.197730+07:00,0.00 cms
2025-07-27T00:53:01.915806+07:00,0.00 cms
2025-07-27T01:54:08.078768+07:00,1,000.00 cms
2025-07-27T02:26:45.329702+07:00,1,000.00 cms
2025-07-27T02:44:04.443086+07:00,1,000.00 cms
2025-07-27T02:52:33.806660+07:00,1,000.00 cms
2025-07-27T03:38:50.003209+07:00,1,000.00 cms
2025-07-27T03:53:04.083167+07:00,1,000.00 cms
2025-07-27T04:33:05.727132+07:00,1,000.00 cms
2025-07-27T04:50:52.378665+07:00,1,000.00 cms
2025-07-27T04:59:50.812716+07:00,1,000.00 cms
2025-07-27T05:43:56.194938+07:00,1,000.00 cms
2025-07-27T05:54:54.894503+07:00,1,000.00 cms
2025-07-27T06:35:37.262683+07:00,1,000.00 cms
2025-07-27T06:50:53.704874+07:00,1,000.00 cms
2025-07-27T06:59:39.495761+07:00,1,000.00 cms
2025-07-27T11:11:30.517685+07:00,1,000.00 cms
2025-07-27T12:42:44.697826+07:00,1,000.00 cms
2025-07-27T12:57:41.084335+07:00,1,000.00 cms
2025-07-27T13:57:01.649749+07:00,1,000.00 cms
2025-07-27T14:34:00.083254+07:00,1,000.00 cms
2025-07-27T14:48:40.419888+07:00,1,000.00 cms
2025-07-27T14:59:31.487714+07:00,1,000.00 cms
2025-07-27T15:51:01.119000+07:00,1,000.00 cms
2025-07-27T16:00:26.784371+07:00,1,000.00 cms
2025-07-27T16:40:40.006669+07:00,1,000.00 cms
2025-07-27T16:54:32.755629+07:00,1,000.00 cms
2025-07-27T17:45:05.233551+07:00,1,000.00 cms
2025-07-27T17:56:04.972132+07:00,1,000.00 cms
2025-07-27T18:30:08.521707+07:00,1,000.00 cms
2025-07-27T18:44:30.181217+07:00,1,000.00 cms
2025-07-27T18:53:07.574721+07:00,1,000.00 cms
2025-07-27T20:38:32.196176+07:00,1,000.00 cms
2025-07-27T20:55:09.557485+07:00,1,000.00 cms
2025-07-27T21:40:11.642438+07:00,1,000.00 cms
2025-07-27T21:52:43.565066+07:00,1,000.00 cms
2025-07-27T22:37:58.969863+07:00,1,000.00 cms
2025-07-27T22:51:06.788613+07:00,1,000.00 cms
2025-07-27T22:59:39.751853+07:00,1,000.00 cms
2025-07-27T23:51:35.350537+07:00,1,000.00 cms
2025-07-28T00:00:26.697314+07:00,0.00 cms
2025-07-28T00:43:20.739315+07:00,1,000.00 cms
2025-07-28T00:54:48.637341+07:00,1,000.00 cms
2025-07-28T01:55:00.734281+07:00,1,000.00 cms
2025-07-28T02:29:29.092324+07:00,1,000.00 cms
2025-07-28T02:45:11.090456+07:00,1,000.00 cms
2025-07-28T02:53:12.384835+07:00,1,000.00 cms
2025-07-28T03:40:11.743634+07:00,1,000.00 cms
2025-07-28T03:54:58.565833+07:00,1,000.00 cms
2025-07-28T04:34:10.935501+07:00,1,000.00 cms
2025-07-28T04:48:24.628877+07:00,1,000.00 cms
2025-07-28T04:56:29.561797+07:00,1,000.00 cms
2025-07-28T05:45:11.503910+07:00,1,000.00 cms
2025-07-28T05:56:15.486013+07:00,1,000.00 cms
2025-07-28T06:39:03.073660+07:00,1,000.00 cms
2025-07-28T06:53:05.294168+07:00,1,000.00 cms
2025-07-28T10:59:58.960625+07:00,1,000.00 cms
2025-07-28T12:46:05.140449+07:00,1,000.00 cms
2025-07-28T14:00:27.695891+07:00,1,000.00 cms
2025-07-28T14:47:37.355286+07:00,1,000.00 cms
2025-07-28T14:57:22.212346+07:00,1,000.00 cms
2025-07-28T15:59:09.001656+07:00,1,000.00 cms
2025-07-28T16:52:00.379610+07:00,1,000.00 cms
2025-07-28T17:00:04.346195+07:00,1,000.00 cms
2025-07-28T17:53:06.199726+07:00,1,000.00 cms
2025-07-28T18:32:47.992836+07:00,1,000.00 cms
2025-07-28T18:49:42.994511+07:00,1,000.00 cms
2025-07-28T18:59:29.914399+07:00,1,000.00 cms
2025-07-28T20:53:49.892820+07:00,1,000.00 cms
2025-07-28T21:52:13.379780+07:00,1,000.00 cms
2025-07-28T22:45:06.449576+07:00,1,000.00 cms
2025-07-28T22:59:40.740517+07:00,1,000.00 cms
2025-07-28T23:58:59.517715+07:00,1,000.00 cms
2025-07-29T00:45:51.993930+07:00,1,000.00 cms
2025-07-29T00:57:13.484550+07:00,1,000.00 cms
2025-07-29T01:59:09.160292+07:00,1,000.00 cms
2025-07-29T02:32:45.422252+07:00,1,000.00 cms
2025-07-29T02:47:21.169448+07:00,1,000.00 cms
2025-07-29T02:55:24.365181+07:00,1,000.00 cms
2025-07-29T03:46:41.762337+07:00,1,000.00 cms
2025-07-29T03:59:16.033199+07:00,1,000.00 cms
2025-07-29T04:37:38.981142+07:00,1,000.00 cms
2025-07-29T04:51:03.285740+07:00,1,000.00 cms
2025-07-29T04:59:43.608548+07:00,1,000.00 cms
2025-07-29T05:52:11.889850+07:00,1,000.00 cms
2025-07-29T06:40:41.920373+07:00,1,000.00 cms
2025-07-29T06:57:09.464184+07:00,1,000.00 cms
2025-07-29T11:13:00.831074+07:00,1,000.00 cms
2025-07-29T12:47:21.617724+07:00,1,000.00 cms
2025-07-29T13:00:52.268633+07:00,1,000.00 cms
2025-07-29T14:01:16.803582+07:00,1,000.00 cms
2025-07-29T14:47:10.820220+07:00,1,000.00 cms
2025-07-29T14:57:07.316811+07:00,1,000.00 cms
2025-07-29T15:58:35.760520+07:00,1,000.00 cms
2025-07-29T16:50:49.819854+07:00,1,000.00 cms
2025-07-29T16:59:53.579879+07:00,1,000.00 cms
2025-07-29T17:52:33.508303+07:00,1,000.00 cms
2025-07-29T18:32:50.230488+07:00,1,000.00 cms
2025-07-29T18:50:02.335828+07:00,1,000.00 cms
2025-07-29T18:59:24.148497+07:00,1,000.00 cms
2025-07-29T20:54:26.050124+07:00,1,000.00 cms
2025-07-29T21:55:25.566829+07:00,1,000.00 cms
2025-07-29T22:49:38.865978+07:00,1,000.00 cms
2025-07-29T23:57:32.740253+07:00,1,000.00 cms
2025-07-30T00:49:29.670696+07:00,1,000.00 cms
2025-07-30T00:59:56.612674+07:00,1,000.00 cms
2025-07-30T02:00:50.484880+07:00,1,000.00 cms
2025-07-30T02:37:27.812967+07:00,1,000.00 cms
2025-07-30T02:50:49.272479+07:00,1,000.00 cms
2025-07-30T02:59:55.306939+07:00,1,000.00 cms
2025-07-30T03:48:32.156775+07:00,1,000.00 cms
2025-07-30T04:00:03.427224+07:00,1,000.00 cms
2025-07-30T04:40:30.072805+07:00,1,000.00 cms
2025-07-30T04:54:26.295123+07:00,1,000.00 cms
2025-07-30T05:46:53.707592+07:00,1,000.00 cms
2025-07-30T05:57:48.111666+07:00,1,000.00 cms
2025-07-30T06:39:14.281175+07:00,1,000.00 cms
2025-07-30T06:53:11.168556+07:00,1,000.00 cms
2025-07-30T10:57:14.678819+07:00,1,000.00 cms
2025-07-30T12:47:47.365023+07:00,1,000.00 cms
2025-07-30T14:01:21.104331+07:00,1,000.00 cms
2025-07-30T14:48:14.271475+07:00,1,000.00 cms
2025-07-30T14:57:35.545278+07:00,1,000.00 cms
2025-07-30T15:59:31.614232+07:00,1,000.00 cms
2025-07-30T16:53:34.048448+07:00,1,000.00 cms
2025-07-30T17:51:03.047589+07:00,1,000.00 cms
2025-07-30T18:00:01.286491+07:00,1,000.00 cms
2025-07-30T18:37:05.689332+07:00,1,000.00 cms
2025-07-30T18:51:01.139492+07:00,1,000.00 cms
2025-07-30T18:59:43.452282+07:00,1,000.00 cms
2025-07-30T20:54:04.773250+07:00,1,000.00 cms
2025-07-30T21:50:20.330419+07:00,1,000.00 cms
2025-07-30T22:00:00.916114+07:00,1,000.00 cms
2025-07-30T22:48:59.931017+07:00,1,000.00 cms
2025-07-30T23:55:14.802208+07:00,1,000.00 cms
2025-07-31T00:47:34.072450+07:00,1,000.00 cms
2025-07-31T00:57:22.280748+07:00,1,000.00 cms
2025-07-31T01:59:47.488499+07:00,1,000.00 cms
2025-07-31T02:32:46.307134+07:00,1,000.00 cms
2025-07-31T02:46:47.720089+07:00,1,000.00 cms
2025-07-31T02:54:53.160651+07:00,1,000.00 cms
2025-07-31T03:41:49.958859+07:00,1,050.00 cms
2025-07-31T03:58:23.284927+07:00,1,050.00 cms
2025-07-31T04:39:37.004473+07:00,1,050.00 cms
2025-07-31T04:52:14.582161+07:00,1,050.00 cms
2025-07-31T05:00:41.946995+07:00,1,050.00 cms
2025-07-31T05:48:58.370245+07:00,1,050.00 cms
2025-07-31T05:59:51.423033+07:00,1,050.00 cms
2025-07-31T06:41:31.741703+07:00,1,050.00 cms
2025-07-31T06:55:56.743695+07:00,1,050.00 cms
2025-07-31T10:56:26.896597+07:00,1,050.00 cms
2025-07-31T12:05:05.496404+07:00,1,050.00 cms
2025-07-31T12:54:10.929001+07:00,1,050.00 cms
2025-07-31T14:00:11.008957+07:00,1,050.00 cms
2025-07-31T14:44:59.696798+07:00,1,050.00 cms
2025-07-31T14:56:17.426536+07:00,1,050.00 cms
2025-07-31T15:58:20.303451+07:00,1,050.00 cms
2025-07-31T16:50:37.363058+07:00,1,050.00 cms
2025-07-31T16:59:30.871989+07:00,1,050.00 cms
2025-07-31T17:52:37.850167+07:00,1,050.00 cms
2025-07-31T18:33:13.401024+07:00,1,050.00 cms
2025-07-31T18:50:52.378626+07:00,1,050.00 cms
2025-07-31T18:59:53.061516+07:00,1,050.00 cms
2025-07-31T20:53:08.653456+07:00,1,050.00 cms
2025-07-31T21:51:50.904822+07:00,1,050.00 cms
2025-07-31T22:43:46.663239+07:00,1,050.00 cms
2025-07-31T22:59:52.556365+07:00,1,050.00 cms
2025-07-31T23:57:57.571433+07:00,1,050.00 cms
2025-08-01T00:46:06.554064+07:00,1,050.00 cms
2025-08-01T00:56:47.480463+07:00,1,050.00 cms
2025-08-01T01:58:58.951387+07:00,1,050.00 cms
2025-08-01T02:32:14.941937+07:00,1,050.00 cms
2025-08-01T02:46:13.133040+07:00,1,050.00 cms
2025-08-01T02:54:24.983987+07:00,1,050.00 cms
2025-08-01T03:44:12.778294+07:00,1,050.00 cms
2025-08-01T03:58:17.840639+07:00,1,050.00 cms
2025-08-01T04:39:26.198374+07:00,1,050.00 cms
2025-08-01T04:53:06.839026+07:00,1,050.00 cms
2025-08-01T05:45:43.469300+07:00,1,050.00 cms
2025-08-01T05:56:41.826046+07:00,1,050.00 cms
2025-08-01T06:38:24.997972+07:00,1,050.00 cms
2025-08-01T06:52:15.237859+07:00,1,050.00 cms
2025-08-01T11:20:47.553540+07:00,1,050.00 cms
2025-08-01T12:50:59.027481+07:00,1,050.00 cms
2025-08-01T14:01:27.799627+07:00,1,050.00 cms
2025-08-01T14:48:12.339344+07:00,1,050.00 cms
2025-08-01T14:57:57.926600+07:00,1,050.00 cms
2025-08-01T15:57:40.899860+07:00,1,050.00 cms
2025-08-01T16:50:38.306310+07:00,1,050.00 cms
2025-08-01T16:59:59.851702+07:00,1,050.00 cms
2025-08-01T17:53:15.730212+07:00,1,050.00 cms
2025-08-01T18:32:38.116368+07:00,1,050.00 cms
2025-08-01T18:50:29.617004+07:00,1,050.00 cms
2025-08-01T18:59:44.537040+07:00,1,050.00 cms
2025-08-01T20:51:17.921210+07:00,1,050.00 cms
2025-08-01T21:49:07.382957+07:00,1,050.00 cms
2025-08-01T21:59:55.171430+07:00,1,050.00 cms
2025-08-01T22:46:44.044656+07:00,1,050.00 cms
2025-08-01T22:59:52.076172+07:00,1,050.00 cms
2025-08-01T23:57:02.531816+07:00,1,050.00 cms
2025-08-02T00:47:37.143436+07:00,1,050.00 cms
2025-08-02T00:59:00.358777+07:00,1,050.00 cms
2025-08-02T01:58:04.316342+07:00,1,050.00 cms
2025-08-02T02:30:00.706266+07:00,1,050.00 cms
2025-08-02T02:45:15.337310+07:00,1,050.00 cms
2025-08-02T03:43:06.247164+07:00,1,050.00 cms
2025-08-02T03:57:50.979244+07:00,1,050.00 cms
2025-08-02T04:38:45.349220+07:00,1,050.00 cms
2025-08-02T04:51:44.686521+07:00,1,050.00 cms
2025-08-02T05:00:11.645586+07:00,1,050.00 cms
2025-08-02T05:47:48.725418+07:00,1,050.00 cms
2025-08-02T05:57:33.315115+07:00,1,050.00 cms
2025-08-02T06:38:49.978406+07:00,1,050.00 cms
2025-08-02T06:52:26.971379+07:00,1,050.00 cms
2025-08-02T10:46:13.473096+07:00,1,050.00 cms
2025-08-02T12:00:16.346963+07:00,1,050.00 cms
2025-08-02T12:51:59.621823+07:00,1,050.00 cms
2025-08-02T13:00:16.740362+07:00,1,050.00 cms
2025-08-02T13:56:38.410548+07:00,1,050.00 cms
